{
  "eval_loss": 0.0030489389318972826,
  "eval_fbeta": 0.9473120200035058,
  "eval_precision": 0.545454545454545,
  "eval_recall": 0.9760765550239219,
  "eval_runtime": 17.5002,
  "eval_samples_per_second": 97.028,
  "eval_steps_per_second": 1.543,
  "epoch": 3.0
}