{
  "fbeta": 0.9482370378815338,
  "precision": 0.5827829651560008,
  "recall": 0.9726339794754842
}