{
  "eval_loss": 0.004206647630780935,
  "eval_fbeta": 0.9506369426750813,
  "eval_precision": 0.45817344589409026,
  "eval_recall": 0.9933444259567371,
  "eval_runtime": 17.7565,
  "eval_samples_per_second": 96.077,
  "eval_steps_per_second": 1.521,
  "epoch": 3.0
}