{
  "eval_loss": 0.006825278978794813,
  "eval_fbeta": 0.9378211177518404,
  "eval_precision": 0.48314606741573,
  "eval_recall": 0.9745042492917833,
  "eval_runtime": 17.4303,
  "eval_samples_per_second": 96.9,
  "eval_steps_per_second": 1.549,
  "epoch": 3.0
}