{
  "eval_loss": 0.0024039801210165024,
  "eval_fbeta": 0.946960704691636,
  "eval_precision": 0.5936863543788181,
  "eval_recall": 0.9700499168053228,
  "eval_runtime": 17.6326,
  "eval_samples_per_second": 96.753,
  "eval_steps_per_second": 1.531,
  "epoch": 3.0
}