{
  "eval_loss": 0.0008036271901801229,
  "eval_fbeta": 0.9258160237388202,
  "eval_precision": 0.692874692874692,
  "eval_recall": 0.938435940099832,
  "eval_runtime": 17.772,
  "eval_samples_per_second": 95.994,
  "eval_steps_per_second": 1.519,
  "epoch": 3.0
}