{
  "eval_loss": 0.0008262359770014882,
  "eval_fbeta": 0.9329633600302172,
  "eval_precision": 0.68389423076923,
  "eval_recall": 0.9467554076539085,
  "eval_runtime": 17.5641,
  "eval_samples_per_second": 97.13,
  "eval_steps_per_second": 1.537,
  "epoch": 3.0
}