{
  "eval_loss": 0.008214183151721954,
  "eval_fbeta": 0.9381286549706793,
  "eval_precision": 0.4329824561403506,
  "eval_recall": 0.9840510366826141,
  "eval_runtime": 17.3863,
  "eval_samples_per_second": 97.663,
  "eval_steps_per_second": 1.553,
  "epoch": 3.0
}